James,Howlett,3fing3rs@Jaxnation.org,1976-04-18T00:00:00Z
MichaÃ«l,Mason,ut_necessitatibus_facilis@Livetube.mil,1979-02-19T00:00:00Z
Kelly,George,7Jordan@Jaloo.name,1970-09-17T00:00:00Z
Harry,Lawson,nulla_ducimus_reiciendis@Oyoyo.name,1970-03-02T00:00:00Z
Cynthia,Reynolds,repellendus_dolor@Browsezoom.net,1982-06-29T00:00:00Z
Teresa,Fuller,ShirleyBarnes@Skynoodle.info,1994-04-06T00:00:00Z
steeve,Rogers,captain@Viva.biz,1982-03-06T00:00:00Z
Margaret,Cruz,JuanOwens@Brainverse.info,1986-09-29T00:00:00Z
Heather,Bell,quasi_natus_reiciendis@Katz.info,1992-08-08T00:00:00Z
Shawn,Sanders,PhyllisWagner@Yacero.biz,1983-07-16T00:00:00Z
Mark,Hawkins,uPerkins@Cogibox.mil,1986-01-18T00:00:00Z
Wade,Wilson,chickenkiller@Realcube.biz,1976-10-27T00:00:00Z
Alice,Porter,TimothyAnderson@Twitterbridge.gov,1982-08-16T00:00:00Z
Lawrence,Mitchell,HaroldYoung@Fivespan.net,1971-02-11T00:00:00Z
Jeremy,Roberts,ChrisAdams@Divanoodle.mil,1989-04-14T00:00:00Z
